{
    "[2-5-24][st=10443]2054414193.mp4": [
        331.634,
        1262.633,
        1673.3000000000002,
        1951.633,
        2247.3,
        2545.634,
        11887.25,
        11961.25,
        12049.917000000001,
        12118.25
    ],
    "[2-6-24][st=9621]2055344487.mp4": [
        494.93300000000005,
        730.5840000000001,
        887.25,
        1077.583,
        1318.583,
        1913.9170000000001,
        3362.9170000000004,
        4206.917,
        5223.584,
        5472.25,
        5807.5830000000005,
        5998.5830000000005,
        6196.584000000001,
        6716.900000000001,
        7457.884,
        7891.55,
        9148.884,
        9508.883,
        9692.550000000001,
        9886.216,
        10085.217,
        11579.884
    ],
    "[2-9-24][st=7460]2058188424.mp4": [
        337.317,
        585.484,
        891.317,
        1375.317,
        4083.817,
        4150.150000000001,
        6348.983,
        6624.816000000001,
        7203.650000000001,
        10119.65,
        11103.316,
        11266.983,
        11472.650000000001,
        12859.150000000001,
        13850.484,
        18757.983
    ],
    "[2-10-24][st=11756]2059017791.mp4": [
        380.651,
        7626.817,
        8901.15
    ],
    "[2-9-24][st=10203]2057261705.mp4": [
        1028.151,
        4439.317,
        5872.484,
        7257.983,
        7320.817,
        9943.917000000001,
        10731.75
    ],
    "[2-7-24][st=9360]2056289761.mp4": [
        1173.318,
        10088.151
    ]
}